ID,customer_type,age,employment_type,pep_indicator,nationality,annual_txn_count,annual_txn_value,profession,business_nature,legal_status,business_tenure,shareholder_pep_status,shareholder_nationality,country_of_incorporation,marital_status,annual_income,bank_relationship,annual_turnover,stakeholder_profession
1,individual,0-18,Self Employed,Yes,KP,24-Jan,1-100 million,CHIEF EXECUTIVE ,Banking,Limited Liability Company,0-1 year,Yes,KP,KP,Single,1,0-6 months,1,CHIEF EXECUTIVE 
2,corporate,18-21,Employed,No,IR,25-36,100-300 million,SELF EMPLOYED ,Exchange Houses,Joint Liability Company,1-3 years,No,IR,IR,Married,2,6 months- 2 year,2,SELF EMPLOYED 
3,,21-60,Dependence,,IL,37 & above,300 million and above,TAX CONSULTANT ,Money Service Business,Public Joint Stock Company,3 years and above,,IL,IL,Divorced,3,2 years and above,3,TAX CONSULTANT 
4,,60 & Above,,,AF,,,PARTNER ,Dealer in Precious Metals & Stones (DPMS),Simple Partnership Company,,,AF,AF,Widowed,4,,4,PARTNER 
5,,,,,SY,,,FINANCE MANAGER ,"Lawyers, Notaries and Other Independent Legal Professionals (DNFPB)",Private Joint Stock Company,,,SY,SY,Seperated,,,,FINANCE MANAGER 
6,,,,,MM,,,LAWYER ,Real Estate Agents (DNFBP),Branches of Foreign Companies,,,MM,MM,,,,,LAWYER 
7,,,,,YE,,,GENERAL MANAGER ,Trust & Company Service Provider (DNFBP),Sole Establishments (Non Incorporated),,,YE,YE,,,,,GENERAL MANAGER 
8,,,,,ML,,,DIRECTOR ,Auditors (DNFBP),Co-operatives,,,ML,ML,,,,,DIRECTOR 
9,,,,,SO,,,REAL ESTATE DEALER/AGENT ,Accountants (DNFBP),Private Company Limited by Shares,,,SO,SO,,,,,REAL ESTATE DEALER/AGENT 
10,,,,,SS,,,EXECUTIVE DIRECTOR ,Casinos (DNFBP),Limited Special Purpose Company,,,SS,SS,,,,,EXECUTIVE DIRECTOR 
11,,,,,HT,,,AUDITOR ,Financial Advisors / Consultant,Restricted Scope Company,,,HT,HT,,,,,AUDITOR 
12,,,,,LY,,,PRECIOUS METALS/GEMS TRADER/ JEWELLER ,Investment Fund / Assest Management,Limited Liability Partnership,,,LY,LY,,,,,PRECIOUS METALS/GEMS TRADER/ JEWELLER 
13,,,,,TR,,,MILITARY ,Brokers and Agents,Limited Partnership,,,TR,TR,,,,,MILITARY 
14,,,,,NI,,,BUSINESSMAN ,Credit Providers (Finance Companies),Limited Investment Company,,,NI,NI,,,,,BUSINESSMAN 
15,,,,,CD,,,ARMY OFFICER ,Used Cars Trading,Branches of UAE companies,,,CD,CD,,,,,ARMY OFFICER 
16,,,,,PH,,,ACCOUNTS MANAGER,General Trading ,Offshore companies,,,PH,PH,,,,,ACCOUNTS MANAGER
17,,,,,IQ,,,CHARTERED ACCOUNTANT,Cash Couriers ,,,,IQ,IQ,,,,,CHARTERED ACCOUNTANT
18,,,,,PK,,,INVESTOR,Travel Agents and Services,,,,PK,PK,,,,,INVESTOR
19,,,,,LB,,,BUSINESSMEN,Aerospace and Defense,,,,LB,LB,,,,,BUSINESSMEN
20,,,,,PA,,,AUDIT ASSISSTANT,Chemicals and Petrochemicals,,,,PA,PA,,,,,AUDIT ASSISSTANT
21,,,,,AL,,,MANAGING DIRECTOR ,Online Auctions,,,,AL,AL,,,,,MANAGING DIRECTOR 
22,,,,,CF,,,EXECUTIVE SECRETARY ,E-Commerce and Internet Business,,,,CF,CF,,,,,EXECUTIVE SECRETARY 
23,,,,,MA,,,CUSTOMS CLEARING AGENT ,Gasoline and Oil Refineries,,,,MA,MA,,,,,CUSTOMS CLEARING AGENT 
24,,,,,BF,,,CUSTOMS REPRESENTATIVE ,Lending and Mortgage,,,,BF,BF,,,,,CUSTOMS REPRESENTATIVE 
25,,,,,UG,,,CHEIF FINANCIAL OFFICER ,Metal and Mineral Wholesalers,,,,UG,UG,,,,,CHEIF FINANCIAL OFFICER 
26,,,,,SN,,,BRANCH MANAGER ,Accounting and Tax Preparation,,,,SN,SN,,,,,BRANCH MANAGER 
27,,,,,JM,,,AREA MANAGER,Vending machine operators,,,,JM,JM,,,,,AREA MANAGER
28,,,,,JO,,,MANAGER ,Pawnshops,,,,JO,JO,,,,,MANAGER 
29,,,,,BB,,,OPERATIONS MANAGER,Embassy & Foreign Consulate,,,,BB,BB,,,,,OPERATIONS MANAGER
30,,,,,KH,,,DEPENDANT VISA,Resorts,,,,KH,KH,,,,,DEPENDANT VISA
31,,,,,KY,,,STUDENT,Computer and Electronics Other,,,,KY,KY,,,,,STUDENT
32,,,,,GI,,,HOUSE WIFE,Accountants and Insolvency Firms,,,,GI,GI,,,,,HOUSE WIFE
33,,,,,CU,,,RETIRED,Wealth Management,,,,CU,CU,,,,,RETIRED
34,,,,,SD,,,POLICE ,Custodians,,,,SD,SD,,,,,POLICE 
35,,,,,RU,,,SEA CAPTAIN ,Investment Fund Management,,,,RU,RU,,,,,SEA CAPTAIN 
36,,,,,ZW,,,ASSITANT MANAGER ,"Automobiles, Boats and Motor Vehicles",,,,ZW,ZW,,,,,ASSITANT MANAGER 
37,,,,,PS,,,PERSONAL ASSISTANT ,"Beer, Wine and Liquor Stores / Wholesalers",,,,PS,PS,,,,,PERSONAL ASSISTANT 
38,,,,,VE,,,SEAMAN ,"Shipping, Logistic & cargo",,,,VE,VE,,,,,SEAMAN 
39,,,,,BI,,,EXECUTIVE ,Consultancy Companies ,,,,BI,BI,,,,,EXECUTIVE 
40,,,,,GW,,,DEPUTY DIRECTOR ,Scrap Metal Trading ,,,,GW,GW,,,,,DEPUTY DIRECTOR 
41,,,,,EH,,,JOINT MANAGING DIRECTOR ,Rental Cars,,,,EH,EH,,,,,JOINT MANAGING DIRECTOR 
42,,,,,RK,,,PILOT ,Restaurants and Bars,,,,RK,RK,,,,,PILOT 
43,,,,,ER,,,PROGRAMER ,Tourism and entertainment,,,,ER,ER,,,,,PROGRAMER 
44,,,,,UA,,,MEDICAL RECORD MANAGER ,Freight forwarding,,,,UA,UA,,,,,MEDICAL RECORD MANAGER 
45,,,,,KE,,,ADMINISTRATION OFFICER ,Life Insurance / Investment,,,,KE,KE,,,,,ADMINISTRATION OFFICER 
46,,,,,MZ,,,BUSINESS DEVELOPMENT MGR ,Life Insurance ,,,,MZ,MZ,,,,,BUSINESS DEVELOPMENT MGR 
47,,,,,AE,,,RESTAURANT MANAGER ,Property and casualty (General Insurance),,,,AE,AE,,,,,RESTAURANT MANAGER 
48,,,,,GN,,,MARKETING MANAGER ,Advertising & Marketing ,,,,GN,GN,,,,,MARKETING MANAGER 
49,,,,,TT,,,BANKER ,Agriculture,,,,TT,TT,,,,,BANKER 
50,,,,,NG,,,SOFTWARE DEVELOPER ,Air Couriers,,,,NG,NG,,,,,SOFTWARE DEVELOPER 
51,,,,,VU,,,SECURITY,Airline Services,,,,VU,VU,,,,,SECURITY
52,,,,,LR,,,SHIP CREW ,Amusement Parks and Attractions,,,,LR,LR,,,,,SHIP CREW 
53,,,,,BA,,,PRODUCTION MANAGER ,Apparel and Accessories,,,,BA,BA,,,,,PRODUCTION MANAGER 
54,,,,,PY,,,CASHIER ,"Architecture, Engineering and Design",,,,PY,PY,,,,,CASHIER 
55,,,,,ET,,,SERVICE CREW ,Photography,,,,ET,ET,,,,,SERVICE CREW 
56,,,,,TN,,,TEAM LEADER ,Automotive Repair and Maintenance,,,,TN,TN,,,,,TEAM LEADER 
57,,,,,TD,,,FACTORY MANAGER ,Cable and Television Providers,,,,TD,TD,,,,,FACTORY MANAGER 
58,,,,,SX,,,DOCTOR ,Clothing and Shoe Stores,,,,SX,SX,,,,,DOCTOR 
59,,,,,BR,,,TECHNICIAN ,Cosmetics,,,,BR,BR,,,,,TECHNICIAN 
60,,,,,TZ,,,CASH DESK CLERK ,Department Stores,,,,TZ,TZ,,,,,CASH DESK CLERK 
61,,,,,CN,,,SUPPORT MANAGER ,Diagnostic Laboratories,,,,CN,CN,,,,,SUPPORT MANAGER 
62,,,,,TH,,,MARKETING EXECUTIVE ,Media and Entertainment,,,,TH,TH,,,,,MARKETING EXECUTIVE 
63,,,,,LA,,,IT PROFESSIONAL ,Food and Dairy Product Manufacturing and Packaging,,,,LA,LA,,,,,IT PROFESSIONAL 
64,,,,,CI,,,JOURNALIST ,Facilities Management and Maintenance,,,,CI,CI,,,,,JOURNALIST 
65,,,,,CM,,,PUBLIC RELATION OFFICER ,Funeral Homes and Services,,,,CM,CM,,,,,PUBLIC RELATION OFFICER 
66,,,,,CO,,,ACCOUNTANT ,Furniture Manufacturing,,,,CO,CO,,,,,ACCOUNTANT 
67,,,,,NP,,,ARCHITECT ,Furniture Stores,,,,NP,NP,,,,,ARCHITECT 
68,,,,,IN,,,ACCOUNTS CLERK ,Grocery,,,,IN,IN,,,,,ACCOUNTS CLERK 
69,,,,,DM,,,SALES EXECUTIVE ,Hardware and Building Material Dealers,,,,DM,DM,,,,,SALES EXECUTIVE 
70,,,,,BY,,,HR OFFICER ,Health and Pharmaceuticals,,,,BY,BY,,,,,HR OFFICER 
71,,,,,EC,,,SALES MANAGER ,Hospitals,,,,EC,EC,,,,,SALES MANAGER 
72,,,,,VN,,,TICKETING CLERK ,Hotels,,,,VN,VN,,,,,TICKETING CLERK 
73,,,,,AZ,,,MANAGEMENT STAFF ,HR and Recruiting Services,,,,AZ,AZ,,,,,MANAGEMENT STAFF 
74,,,,,TJ,,,ENGINEER ,International Bodies and Organizations,,,,TJ,TJ,,,,,ENGINEER 
75,,,,,NE,,,ADMINISTRATION CLERK ,IT and Network Services and Support,,,,NE,NE,,,,,ADMINISTRATION CLERK 
76,,,,,BJ,,,ARCHIVE CLERK ,Laundry and Dry Cleaning,,,,BJ,BJ,,,,,ARCHIVE CLERK 
77,,,,,ID,,,STORE KEEPER ,"Libraries, Archives and Museums",,,,ID,ID,,,,,STORE KEEPER 
78,,,,,DJ,,,ARCHIEVE CLERK,Medical Supplies and Equipment,,,,DJ,DJ,,,,,ARCHIEVE CLERK
79,,,,,ME,,,LECTURER,"Newspapers, Books, and Periodicals",,,,ME,ME,,,,,LECTURER
80,,,,,KM,,,COMPLIANCE OFFICER,Office Equipment and Suppliers,,,,KM,KM,,,,,COMPLIANCE OFFICER
81,,,,,RS,,,MANAGER BUSINESS PROCESS,Paper and Paper Products,,,,RS,RS,,,,,MANAGER BUSINESS PROCESS
82,,,,,MK,,,ADMINISTRATIVE ASSISTANT,Parking Lots and Garage Management,,,,MK,MK,,,,,ADMINISTRATIVE ASSISTANT
83,,,,,BO,,,ASST BRANCH INCHARGE,Participatory Sports and Recreation,,,,BO,BO,,,,,ASST BRANCH INCHARGE
84,,,,,MX,,,BRANCH SUPERVISOR,Personal Health Care Products,,,,MX,MX,,,,,BRANCH SUPERVISOR
85,,,,,DZ,,,COMPUTER PROGRAMMER,"Radio, Television Broadcasting",,,,DZ,DZ,,,,,COMPUTER PROGRAMMER
86,,,,,LC,,,PURCHASE MANGER,"Postal, Express Delivery and Couriers",,,,LC,LC,,,,,PURCHASE MANGER
87,,,,,SL,,,REMITTANCE SUPERVISOR,Sewage Treatment Facilities,,,,SL,SL,,,,,REMITTANCE SUPERVISOR
88,,,,,GY,,,SITE SUPERVISOR,Soap and Detergent,,,,GY,GY,,,,,SITE SUPERVISOR
89,,,,,VG,,,TREASURY MANAGER,Social and Membership Organizations,,,,VG,VG,,,,,TREASURY MANAGER
90,,,,,EG,,,DENTAL ASSISTANT ,Spectator Sports and Teams,,,,EG,EG,,,,,DENTAL ASSISTANT 
91,,,,,PE,,,PROCUREMENT OFFICER ,"Sports, Arts, and Recreation Instruction",,,,PE,PE,,,,,PROCUREMENT OFFICER 
92,,,,,SC,,,SAFETY OFFICER ,"Taxi, Buses and Transit Systems",,,,SC,SC,,,,,SAFETY OFFICER 
93,,,,,MD,,,CABIN CREW ,Telephone Service Providers and Carriers,,,,MD,MD,,,,,CABIN CREW 
94,,,,,MY,,,MUSICIAN ,Water Treatment and Utilities,,,,MY,MY,,,,,MUSICIAN 
95,,,,,CG,,,BABYSITTER ,"Textiles, Apparel and Accessories",,,,CG,CG,,,,,BABYSITTER 
96,,,,,TM,,,SUPERVISOR ,Transportation,,,,TM,TM,,,,,SUPERVISOR 
97,,,,,AO,,,LEADERSHIP AND TALENT PARTNER ,Veterinary Clinics and Services,,,,AO,AO,,,,,LEADERSHIP AND TALENT PARTNER 
98,,,,,CW,,,ASSITANT ,Warehousing and Storage,,,,CW,CW,,,,,ASSITANT 
99,,,,,KI,,,WAITER,Waste Management and Recycling,,,,KI,KI,,,,,WAITER
100,,,,,BZ,,,MASON ,Education,,,,BZ,BZ,,,,,MASON 
101,,,,,TG,,,CHAMBERMAID ,Elementary and Secondary Schools,,,,TG,TG,,,,,CHAMBERMAID 
102,,,,,VC,,,LABOURER ,Government owned companies ,,,,VC,VC,,,,,LABOURER 
103,,,,,HN,,,SPORTS TRAINER ,News paper Publishers,,,,HN,HN,,,,,SPORTS TRAINER 
104,,,,,GQ,,,INSTRUCTOR ,Pension Funds,,,,GQ,GQ,,,,,INSTRUCTOR 
105,,,,,BD,,,LIFE GUARD ,Colleges and Universities,,,,BD,BD,,,,,LIFE GUARD 
106,,,,,SV,,,HAIR STYLIST ,,,,,SV,SV,,,,,HAIR STYLIST 
107,,,,,ST,,,MEDICAL TRANSCRIPTION ,,,,,ST,ST,,,,,MEDICAL TRANSCRIPTION 
108,,,,,GA,,,DESIGNER ,,,,,GA,GA,,,,,DESIGNER 
109,,,,,KN,,,MARINE SUPERINTENDENT ,,,,,KN,KN,,,,,MARINE SUPERINTENDENT 
110,,,,,UZ,,,OPERATOR ,,,,,UZ,UZ,,,,,OPERATOR 
111,,,,,TC,,,TEACHER,,,,,TC,TC,,,,,TEACHER
112,,,,,HR,,,LOADING AND UNLOADING WORKERS ,,,,,HR,HR,,,,,LOADING AND UNLOADING WORKERS 
113,,,,,SR,,,PILOT INSTRUCTOR ,,,,,SR,SR,,,,,PILOT INSTRUCTOR 
114,,,,,AM,,,EVENT PLANNER ,,,,,AM,AM,,,,,EVENT PLANNER 
115,,,,,PW,,,CARPENTER ,,,,,PW,PW,,,,,CARPENTER 
116,,,,,PG,,,TOURIST GUIDE ,,,,,PG,PG,,,,,TOURIST GUIDE 
117,,,,,BS,,,PAINTER ,,,,,BS,BS,,,,,PAINTER 
118,,,,,GT,,,TAILOR ,,,,,GT,GT,,,,,TAILOR 
119,,,,,MG,,,DENTIST ,,,,,MG,MG,,,,,DENTIST 
120,,,,,AR,,,ELECTRICIAN ,,,,,AR,AR,,,,,ELECTRICIAN 
121,,,,,KG,,,OFFICE GIRL ,,,,,KG,KG,,,,,OFFICE GIRL 
122,,,,,SZ,,,BEAUTICIAN ,,,,,SZ,SZ,,,,,BEAUTICIAN 
123,,,,,TV,,,QAUILITY MANAGER ,,,,,TV,TV,,,,,QAUILITY MANAGER 
124,,,,,BH,,,SURGEON ,,,,,BH,BH,,,,,SURGEON 
125,,,,,WS,,,PHARMACIST ,,,,,WS,WS,,,,,PHARMACIST 
126,,,,,CY,,,COMPUTER OPERATOR ,,,,,CY,CY,,,,,COMPUTER OPERATOR 
127,,,,,MV,,,CLERK ,,,,,MV,MV,,,,,CLERK 
128,,,,,LK,,,SWITCH BOARD OPERATOR ,,,,,LK,LK,,,,,SWITCH BOARD OPERATOR 
129,,,,,ZA,,,LABORER ,,,,,ZA,ZA,,,,,LABORER 
130,,,,,FM,,,STEEL FIXER ,,,,,FM,FM,,,,,STEEL FIXER 
131,,,,,AG,,,PLUMBER ,,,,,AG,AG,,,,,PLUMBER 
132,,,,,HK,,,OTHERS ,,,,,HK,HK,,,,,OTHERS 
133,,,,,NL,,,ARG STAFF ,,,,,NL,NL,,,,,ARG STAFF 
134,,,,,AW,,,ARIE STAFF ,,,,,AW,AW,,,,,ARIE STAFF 
135,,,,,US,,,PRICING SPECIALIST ,,,,,US,US,,,,,PRICING SPECIALIST 
136,,,,,KZ,,,SUPERINTENDENT ,,,,,KZ,KZ,,,,,SUPERINTENDENT 
137,,,,,DO,,,TV DIRECTOR ,,,,,DO,DO,,,,,TV DIRECTOR 
138,,,,,GH,,,COOK ,,,,,GH,GH,,,,,COOK 
139,,,,,TL,,,QUANTITY SURVEYOR ,,,,,TL,TL,,,,,QUANTITY SURVEYOR 
140,,,,,MS,,,MECHANIC ,,,,,MS,MS,,,,,MECHANIC 
141,,,,,LS,,,TELECOM TECHNICIAN ,,,,,LS,LS,,,,,TELECOM TECHNICIAN 
142,,,,,NR,,,RECEPTIONIST ,,,,,NR,NR,,,,,RECEPTIONIST 
143,,,,,CL,,,BLUE COLLOR-WORKER ,,,,,CL,CL,,,,,BLUE COLLOR-WORKER 
144,,,,,IT,,,OFFICE BOY ,,,,,IT,IT,,,,,OFFICE BOY 
145,,,,,CR,,,NURSE ,,,,,CR,CR,,,,,NURSE 
146,,,,,GD,,,FOOTBALL COACH ,,,,,GD,GD,,,,,FOOTBALL COACH 
147,,,,,GM,,,TRANSLATOR ,,,,,GM,GM,,,,,TRANSLATOR 
148,,,,,GR,,,PRIEST ,,,,,GR,GR,,,,,PRIEST 
149,,,,,GB,,,ACTOR AND ACTRESS ,,,,,GB,GB,,,,,ACTOR AND ACTRESS 
150,,,,,AI,,,AUTO MECHANICS ,,,,,AI,AI,,,,,AUTO MECHANICS 
151,,,,,SA,,,SALES SUPERVISOR ,,,,,SA,SA,,,,,SALES SUPERVISOR 
152,,,,,RO,,,CONSTRUCTION LABOUR,,,,,RO,RO,,,,,CONSTRUCTION LABOUR
153,,,,,TO,,,HELPER ,,,,,TO,TO,,,,,HELPER 
154,,,,,RW,,,RESERVATION OFFICER ,,,,,RW,RW,,,,,RESERVATION OFFICER 
155,,,,,NU,,,PROFESSOR ,,,,,NU,NU,,,,,PROFESSOR 
156,,,,,QA,,,DRAUGHTSMAN ,,,,,QA,QA,,,,,DRAUGHTSMAN 
157,,,,,CV,,,ADVERTISING DESIGNER ,,,,,CV,CV,,,,,ADVERTISING DESIGNER 
158,,,,,BG,,,GRAPHICS DESIGNER ,,,,,BG,BG,,,,,GRAPHICS DESIGNER 
159,,,,,MH,,,CUSTOMER SERVICE EXECUTIVE,,,,,MH,MH,,,,,CUSTOMER SERVICE EXECUTIVE
160,,,,,DE,,,CALL CENTER AGENT ,,,,,DE,DE,,,,,CALL CENTER AGENT 
161,,,,,SI,,,NANNY ,,,,,SI,SI,,,,,NANNY 
162,,,,,KW,,,CLEANER ,,,,,KW,KW,,,,,CLEANER 
163,,,,,VI,,,FITNESS TRAINER ,,,,,VI,VI,,,,,FITNESS TRAINER 
164,,,,,MR,,,PHYSICIAN ,,,,,MR,MR,,,,,PHYSICIAN 
165,,,,,MC,,,MARKETING SPECIALIST ,,,,,MC,MC,,,,,MARKETING SPECIALIST 
166,,,,,CA,,,WEB DEVELOPER ,,,,,CA,CA,,,,,WEB DEVELOPER 
167,,,,,SB,,,ARCHITECTURAL TECHNICIAN ,,,,,SB,SB,,,,,ARCHITECTURAL TECHNICIAN 
168,,,,,TW,,,SALES REPRESENTATIVE ,,,,,TW,TW,,,,,SALES REPRESENTATIVE 
169,,,,,ES,,,CUSTOMS CLEARING CLERK ,,,,,ES,ES,,,,,CUSTOMS CLEARING CLERK 
170,,,,,SK,,,DOCUMENT CONTROLLER,,,,,SK,SK,,,,,DOCUMENT CONTROLLER
171,,,,,GE,,,DOCUMENT INCHARGE,,,,,GE,GE,,,,,DOCUMENT INCHARGE
172,,,,,GU,,,DRIVER,,,,,GU,GU,,,,,DRIVER
173,,,,,CK,,,MAID ,,,,,CK,CK,,,,,MAID 
174,,,,,ZM,,,BARBER ,,,,,ZM,ZM,,,,,BARBER 
175,,,,,MT,,,MESSENGER ,,,,,MT,MT,,,,,MESSENGER 
176,,,,,FJ,,,CHEF ,,,,,FJ,FJ,,,,,CHEF 
177,,,,,CH,,,TRAVEL CONSULTANT ,,,,,CH,CH,,,,,TRAVEL CONSULTANT 
178,,,,,MU,,,LOADER ,,,,,MU,MU,,,,,LOADER 
179,,,,,HU,,,COMPUTER TECHNICIAN,,,,,HU,HU,,,,,COMPUTER TECHNICIAN
180,,,,,BQ,,,EDITOR,,,,,BQ,BQ,,,,,EDITOR
181,,,,,MP,,,HAIR DRESSER,,,,,MP,MP,,,,,HAIR DRESSER
182,,,,,FR,,,HOUSE KEEPER,,,,,FR,FR,,,,,HOUSE KEEPER
183,,,,,BW,,,HOUSE MAID,,,,,BW,BW,,,,,HOUSE MAID
184,,,,,WS,,,HR ASSISTANT,,,,,WS,WS,,,,,HR ASSISTANT
185,,,,,IE,,,SALES MAN,,,,,IE,IE,,,,,SALES MAN
186,,,,,JE,,,SALES STAFF,,,,,JE,JE,,,,,SALES STAFF
187,,,,,LU,,,STORE OPERATOR,,,,,LU,LU,,,,,STORE OPERATOR
188,,,,,PL,,,SURVEYOR,,,,,PL,PL,,,,,SURVEYOR
189,,,,,BE,,,SYSTEM ANALYST,,,,,BE,BE,,,,,SYSTEM ANALYST
190,,,,,IM,,,,,,,,IM,IM,,,,,
191,,,,,MO,,,,,,,,MO,MO,,,,,
192,,,,,MN,,,,,,,,MN,MN,,,,,
193,,,,,MW,,,,,,,,MW,MW,,,,,
194,,,,,CZ,,,,,,,,CZ,CZ,,,,,
195,,,,,BT,,,,,,,,BT,BT,,,,,
196,,,,,JP,,,,,,,,JP,JP,,,,,
197,,,,,AT,,,,,,,,AT,AT,,,,,
198,,,,,NA,,,,,,,,NA,NA,,,,,
199,,,,,GG,,,,,,,,GG,GG,,,,,
200,,,,,LI,,,,,,,,LI,LI,,,,,
201,,,,,OM,,,,,,,,OM,OM,,,,,
202,,,,,AU,,,,,,,,AU,AU,,,,,
203,,,,,PU,,,,,,,,PU,PU,,,,,
204,,,,,BM,,,,,,,,BM,BM,,,,,
205,,,,,UY,,,,,,,,UY,UY,,,,,
206,,,,,KR,,,,,,,,KR,KR,,,,,
207,,,,,SG,,,,,,,,SG,SG,,,,,
208,,,,,PT,,,,,,,,PT,PT,,,,,
209,,,,,LV,,,,,,,,LV,LV,,,,,
210,,,,,GP,,,,,,,,GP,GP,,,,,
211,,,,,MQ,,,,,,,,MQ,MQ,,,,,
212,,,,,RE,,,,,,,,RE,RE,,,,,
213,,,,,IO,,,,,,,,IO,IO,,,,,
214,,,,,FK,,,,,,,,FK,FK,,,,,
215,,,,,GF,,,,,,,,GF,GF,,,,,
216,,,,,PN,,,,,,,,PN,PN,,,,,
217,,,,,SH,,,,,,,,SH,SH,,,,,
218,,,,,BN,,,,,,,,BN,BN,,,,,
219,,,,,PF,,,,,,,,PF,PF,,,,,
220,,,,,YT,,,,,,,,YT,YT,,,,,
221,,,,,NC,,,,,,,,NC,NC,,,,,
222,,,,,BL,,,,,,,,BL,BL,,,,,
223,,,,,MF,,,,,,,,MF,MF,,,,,
224,,,,,PM,,,,,,,,PM,PM,,,,,
225,,,,,WF,,,,,,,,WF,WF,,,,,
226,,,,,CX,,,,,,,,CX,CX,,,,,
227,,,,,CC,,,,,,,,CC,CC,,,,,
228,,,,,NF,,,,,,,,NF,NF,,,,,
229,,,,,NZ,,,,,,,,NZ,NZ,,,,,
230,,,,,AD,,,,,,,,AD,AD,,,,,
231,,,,,LT,,,,,,,,LT,LT,,,,,
232,,,,,VA,,,,,,,,VA,VA,,,,,
233,,,,,EE,,,,,,,,EE,EE,,,,,
234,,,,,SE,,,,,,,,SE,SE,,,,,
235,,,,,SM,,,,,,,,SM,SM,,,,,
236,,,,,GL,,,,,,,,GL,GL,,,,,
237,,,,,DK,,,,,,,,DK,DK,,,,,
238,,,,,NO,,,,,,,,NO,NO,,,,,
239,,,,,IS,,,,,,,,IS,IS,,,,,
240,,,,,FO,,,,,,,,FO,FO,,,,,
241,,,,,FI,,,,,,,,FI,FI,,,,,
242,,,,,TK,,,,,,,,TK,TK,,,,,
243,,,,,SJ,,,,,,,,SJ,SJ,,,,,
244,,,,,AX,,,,,,,,AX,AX,,,,,
245,,,,,,,,,,,,,,,,,,,
246,,,,,,,,,,,,,,,,,,,
247,,,,,,,,,,,,,,,,,,,
248,,,,,,,,,,,,,,,,,,,
249,,,,,,,,,,,,,,,,,,,
250,,,,,,,,,,,,,,,,,,,
251,,,,,,,,,,,,,,,,,,,
252,,,,,,,,,,,,,,,,,,,
253,,,,,,,,,,,,,,,,,,,
254,,,,,,,,,,,,,,,,,,,
255,,,,,,,,,,,,,,,,,,,
256,,,,,,,,,,,,,,,,,,,
257,,,,,,,,,,,,,,,,,,,
258,,,,,,,,,,,,,,,,,,,
259,,,,,,,,,,,,,,,,,,,
260,,,,,,,,,,,,,,,,,,,
261,,,,,,,,,,,,,,,,,,,
262,,,,,,,,,,,,,,,,,,,
263,,,,,,,,,,,,,,,,,,,
264,,,,,,,,,,,,,,,,,,,
265,,,,,,,,,,,,,,,,,,,
266,,,,,,,,,,,,,,,,,,,
267,,,,,,,,,,,,,,,,,,,
268,,,,,,,,,,,,,,,,,,,
269,,,,,,,,,,,,,,,,,,,
270,,,,,,,,,,,,,,,,,,,
271,,,,,,,,,,,,,,,,,,,
272,,,,,,,,,,,,,,,,,,,
273,,,,,,,,,,,,,,,,,,,
274,,,,,,,,,,,,,,,,,,,
275,,,,,,,,,,,,,,,,,,,
276,,,,,,,,,,,,,,,,,,,
277,,,,,,,,,,,,,,,,,,,
278,,,,,,,,,,,,,,,,,,,
279,,,,,,,,,,,,,,,,,,,
280,,,,,,,,,,,,,,,,,,,
281,,,,,,,,,,,,,,,,,,,
282,,,,,,,,,,,,,,,,,,,
283,,,,,,,,,,,,,,,,,,,
284,,,,,,,,,,,,,,,,,,,
285,,,,,,,,,,,,,,,,,,,
286,,,,,,,,,,,,,,,,,,,
287,,,,,,,,,,,,,,,,,,,
288,,,,,,,,,,,,,,,,,,,
289,,,,,,,,,,,,,,,,,,,
290,,,,,,,,,,,,,,,,,,,
291,,,,,,,,,,,,,,,,,,,
292,,,,,,,,,,,,,,,,,,,
293,,,,,,,,,,,,,,,,,,,
294,,,,,,,,,,,,,,,,,,,
295,,,,,,,,,,,,,,,,,,,
296,,,,,,,,,,,,,,,,,,,
297,,,,,,,,,,,,,,,,,,,
298,,,,,,,,,,,,,,,,,,,
299,,,,,,,,,,,,,,,,,,,
300,,,,,,,,,,,,,,,,,,,
301,,,,,,,,,,,,,,,,,,,
302,,,,,,,,,,,,,,,,,,,
303,,,,,,,,,,,,,,,,,,,
304,,,,,,,,,,,,,,,,,,,
305,,,,,,,,,,,,,,,,,,,
306,,,,,,,,,,,,,,,,,,,
307,,,,,,,,,,,,,,,,,,,
308,,,,,,,,,,,,,,,,,,,
309,,,,,,,,,,,,,,,,,,,
310,,,,,,,,,,,,,,,,,,,
311,,,,,,,,,,,,,,,,,,,
312,,,,,,,,,,,,,,,,,,,
313,,,,,,,,,,,,,,,,,,,
314,,,,,,,,,,,,,,,,,,,
315,,,,,,,,,,,,,,,,,,,
316,,,,,,,,,,,,,,,,,,,
317,,,,,,,,,,,,,,,,,,,
318,,,,,,,,,,,,,,,,,,,
319,,,,,,,,,,,,,,,,,,,
320,,,,,,,,,,,,,,,,,,,
321,,,,,,,,,,,,,,,,,,,
322,,,,,,,,,,,,,,,,,,,
323,,,,,,,,,,,,,,,,,,,
324,,,,,,,,,,,,,,,,,,,
325,,,,,,,,,,,,,,,,,,,
326,,,,,,,,,,,,,,,,,,,
327,,,,,,,,,,,,,,,,,,,
328,,,,,,,,,,,,,,,,,,,
329,,,,,,,,,,,,,,,,,,,
330,,,,,,,,,,,,,,,,,,,
331,,,,,,,,,,,,,,,,,,,
332,,,,,,,,,,,,,,,,,,,
333,,,,,,,,,,,,,,,,,,,
334,,,,,,,,,,,,,,,,,,,
335,,,,,,,,,,,,,,,,,,,
336,,,,,,,,,,,,,,,,,,,
337,,,,,,,,,,,,,,,,,,,
338,,,,,,,,,,,,,,,,,,,
339,,,,,,,,,,,,,,,,,,,
340,,,,,,,,,,,,,,,,,,,
341,,,,,,,,,,,,,,,,,,,
342,,,,,,,,,,,,,,,,,,,
343,,,,,,,,,,,,,,,,,,,
344,,,,,,,,,,,,,,,,,,,
345,,,,,,,,,,,,,,,,,,,
346,,,,,,,,,,,,,,,,,,,
347,,,,,,,,,,,,,,,,,,,
348,,,,,,,,,,,,,,,,,,,
349,,,,,,,,,,,,,,,,,,,
350,,,,,,,,,,,,,,,,,,,
351,,,,,,,,,,,,,,,,,,,
352,,,,,,,,,,,,,,,,,,,
353,,,,,,,,,,,,,,,,,,,
354,,,,,,,,,,,,,,,,,,,
355,,,,,,,,,,,,,,,,,,,
356,,,,,,,,,,,,,,,,,,,
357,,,,,,,,,,,,,,,,,,,
358,,,,,,,,,,,,,,,,,,,
359,,,,,,,,,,,,,,,,,,,
