Application_ID,Country,DOI,Income,Name,address,application_status,approved_rejected_by,batch_processed,case_to_be_created,chief_accountant_country,chief_accountant_dob,chief_accountant_name,chief_accountant_nationality,created_at_dttm,created_by_user_id,customer_type,email_id,employer_name,employment_ind,employment_nonind,identity_proof,kyc_age,kyc_annualincome,kyc_annualturnover,kyc_annualtxncount,kyc_annualtxnvalue,kyc_bankrelationship,kyc_businessnature,kyc_businesstenure,kyc_employment,kyc_legalstatus,kyc_maritalstatus,kyc_pep,kyc_profession,kyc_stakeholdernationality,last_updated_at_dttm,last_updated_by_user_id,marital_status,nationality,onboarding_assessment_date,onboarding_customer_id,onboarding_risk_category,onboarding_risk_score,passport_number,past_pep,present_pep,primary_contact_number,profession,residency,screening_case_id,screening_type,secondary_contact_number,spouse_name,tax_id,version,_ID_NUMERIC_PART_NO
NULL,NULL,NULL,NULL,Lim Jia Hui,NULL,On hold,NULL,NULL,NULL,NULL,NULL,NULL,NULL,2/12/25 8:22,viyaadmin,IND,NULL,NULL,NULL,NULL,NULL,21-60,1,NULL,25-36,100-300 million,2 years and above,NULL,NULL,Employed,NULL,Married,No,PARTNER,NULL,2/14/24 8:22,viyaadmin,NULL,MY,NULL,20001,High,2.28,NULL,NULL,NULL,NULL,NULL,NULL,NULL,onboarding,NULL,NULL,NULL,1,20001
NULL,NULL,NULL,NULL,Nur Aisyah,NULL,On hold,NULL,NULL,NULL,NULL,NULL,NULL,NULL,2/8/25 8:22,viyaadmin,IND,NULL,NULL,NULL,NULL,NULL,21-60,2,NULL,25-36,1-100 million,2 years and above,NULL,NULL,Employed,NULL,Married,No,ENGINEER ,NULL,2/8/24 8:22,viyaadmin,NULL,MY,NULL,20002,High,2.38,NULL,NULL,NULL,NULL,NULL,NULL,NULL,onboarding,NULL,NULL,NULL,1,20002
NULL,NULL,NULL,NULL,Chong Li Xian,NULL,On hold,NULL,NULL,NULL,NULL,NULL,NULL,NULL,2/7/25 8:22,viyaadmin,IND,NULL,NULL,NULL,NULL,NULL,60 & Above,1,NULL,25-36,1-100 million,2 years and above,NULL,NULL,Dependence,NULL,Single,No,PILOT ,NULL,2/12/24 8:22,viyaadmin,NULL,MY,NULL,20003,High,2.6,NULL,NULL,NULL,NULL,NULL,NULL,NULL,onboarding,NULL,NULL,NULL,1,20003
NULL,NULL,NULL,NULL,Yazid sufaat,NULL,On hold,NULL,NULL,NULL,NULL,NULL,NULL,NULL,2/14/24 11:07,viyaadmin,IND,NULL,NULL,NULL,NULL,NULL,60 & Above,1,NULL,25-36,1-100 million,0-6 months,NULL,NULL,Self Employed,NULL,Married,No,ENGINEER ,NULL,2/14/24 11:07,viyaadmin,NULL,MY,NULL,10007,High,2.38,NULL,NULL,NULL,NULL,NULL,NULL,NULL,onboarding,NULL,NULL,NULL,1,10007
NULL,NULL,NULL,NULL,Korea hysoksin,NULL,Rejected,"[{""id"":""user2"",""type"":""user""}]",NULL,NULL,MY,NULL,Yazid Sufaat,NULL,2/14/25 13:23,viyaadmin,COR,NULL,NULL,NULL,NULL,NULL,NULL,NULL,3,NULL,300 million and above,0-6 months,Exchange Houses,0-1 year,NULL,Joint Liability Company,NULL,No,ENGINEER,NULL,2/14/25 14:48,user2,NULL,MY,NULL,10015,High,2.45,NULL,NULL,NULL,NULL,NULL,NULL,NULL,onboarding,NULL,NULL,NULL,2,10015
NULL,NULL,NULL,NULL,Korea hyoksin export and import ,NULL,Rejected,"[{""id"":""user2"",""type"":""user""}]",NULL,NULL,MY,NULL,Yazid Sufaat,NULL,2/12/25 13:23,viyaadmin,COR,NULL,NULL,NULL,NULL,NULL,NULL,NULL,1,NULL,1-100 million,2 years and above,Exchange Houses,3 years and above,NULL,Joint Liability Company,NULL,No,ENGINEER,NULL,2/14/24 14:48,user2,NULL,MY,NULL,10015,High,2.45,NULL,NULL,NULL,NULL,NULL,NULL,NULL,onboarding,NULL,NULL,NULL,2,10015
